{
  "template_name": "Начальник технического отдела контроля",
  "risks": {
    "1": {
      "1.1.1": {
        "deg": 1,
        "ch": 1,
        "kef": 0.5
      },
      "1.2.1": {
        "deg": 1,
        "ch": 1,
        "kef": 0.0
      },
      "1.3.1": {
        "deg": 1,
        "ch": 1,
        "kef": 0.0
      },
      "1.4.1": {
        "deg": 1,
        "ch": 1,
        "kef": 0.0
      },
      "1.5.1": {
        "deg": 1,
        "ch": 1,
        "kef": 0.0
      },
      "1.6.1": {
        "deg": 1,
        "ch": 1,
        "kef": 0.0
      },
      "1.7.1": {
        "deg": 1,
        "ch": 1,
        "kef": 0.0
      },
      "1.8.1": {
        "deg": 1,
        "ch": 1,
        "kef": 0.5
      },
      "1.10.1": {
        "deg": 1,
        "ch": 1,
        "kef": 0.0
      },
      "1.12.1": {
        "deg": 1,
        "ch": 1,
        "kef": 0.0
      },
      "1.14.1": {
        "deg": 1,
        "ch": 1,
        "kef": 0.0
      },
      "1.16.1": {
        "deg": 1,
        "ch": 1,
        "kef": 0.0
      },
      "1.17.1": {
        "deg": 1,
        "ch": 1,
        "kef": 0.0
      },
      "1.18.1": {
        "deg": 1,
        "ch": 1,
        "kef": 0.0
      },
      "1.19.1": {
        "deg": 1,
        "ch": 1,
        "kef": 0.0
      },
      "1.20.1": {
        "deg": 1,
        "ch": 1,
        "kef": 0.0
      },
      "1.21.1": {
        "deg": 1,
        "ch": 1,
        "kef": 0.0
      },
      "1.22.1": {
        "deg": 1,
        "ch": 1,
        "kef": 0.0
      },
      "1.24.1": {
        "deg": 1,
        "ch": 1,
        "kef": 0.0
      },
      "1.26.1": {
        "deg": 1,
        "ch": 1,
        "kef": 0.0
      },
      "1.27.1": {
        "deg": 1,
        "ch": 1,
        "kef": 0.5
      }
    },
    "2": {
      "2.1.1": {
        "deg": 1,
        "ch": 1,
        "kef": 0.0
      }
    },
    "3": {
      "3.1.1": {
        "deg": 1,
        "ch": 1,
        "kef": 0.0
      },
      "3.1.2": {
        "deg": 1,
        "ch": 1,
        "kef": 0.0
      },
      "3.2.1": {
        "deg": 1,
        "ch": 1,
        "kef": 0.5
      },
      "3.3.1": {
        "deg": 1,
        "ch": 1,
        "kef": 0.0
      },
      "3.4.1": {
        "deg": 1,
        "ch": 1,
        "kef": 0.0
      },
      "3.5.1": {
        "deg": 1,
        "ch": 1,
        "kef": 0.0
      },
      "3.6.1": {
        "deg": 1,
        "ch": 1,
        "kef": 0.0
      }
    },
    "4": {
      "4.1.1": {
        "deg": 1,
        "ch": 1,
        "kef": 0.0
      },
      "4.2.1": {
        "deg": 1,
        "ch": 1,
        "kef": 0.5
      },
      "4.4.1": {
        "deg": 1,
        "ch": 1,
        "kef": 0.0
      },
      "4.4.2": {
        "deg": 1,
        "ch": 1,
        "kef": 0.0
      },
      "4.4.3": {
        "deg": 1,
        "ch": 1,
        "kef": 0.0
      },
      "4.4.4": {
        "deg": 1,
        "ch": 1,
        "kef": 0.0
      },
      "4.5.1": {
        "deg": 1,
        "ch": 1,
        "kef": 0.5
      },
      "4.7.1": {
        "deg": 1,
        "ch": 1,
        "kef": 0.0
      },
      "4.8.1": {
        "deg": 1,
        "ch": 1,
        "kef": 0.0
      },
      "4.8.2": {
        "deg": 1,
        "ch": 1,
        "kef": 0.0
      },
      "4.9.1": {
        "deg": 1,
        "ch": 1,
        "kef": 0.0
      },
      "4.10.1": {
        "deg": 1,
        "ch": 1,
        "kef": 0.5
      }
    },
    "5": {
      "5.1.1": {
        "deg": 1,
        "ch": 1,
        "kef": 0.0
      },
      "5.2.2": {
        "deg": 1,
        "ch": 1,
        "kef": 0.5
      }
    },
    "6": {
      "6.1.1": {
        "deg": 1,
        "ch": 1,
        "kef": 0.0
      },
      "6.2.1": {
        "deg": 1,
        "ch": 1,
        "kef": 0.0
      },
      "6.3.1": {
        "deg": 1,
        "ch": 1,
        "kef": 0.0
      },
      "6.4.1": {
        "deg": 1,
        "ch": 1,
        "kef": 0.0
      },
      "6.5.1": {
        "deg": 1,
        "ch": 1,
        "kef": 0.0
      },
      "6.6.1": {
        "deg": 1,
        "ch": 1,
        "kef": 0.0
      },
      "6.7.1": {
        "deg": 1,
        "ch": 1,
        "kef": 0.0
      },
      "6.8.1": {
        "deg": 1,
        "ch": 1,
        "kef": 0.0
      }
    },
    "7": {
      "7.1.1": {
        "deg": 1,
        "ch": 1,
        "kef": 0.0
      },
      "7.1.2": {
        "deg": 1,
        "ch": 1,
        "kef": 0.5
      },
      "7.1.3": {
        "deg": 1,
        "ch": 1,
        "kef": 0.0
      },
      "7.2.1": {
        "deg": 1,
        "ch": 1,
        "kef": 0.0
      },
      "7.3.1": {
        "deg": 1,
        "ch": 1,
        "kef": 0.0
      }
    },
    "8": {
      "8.1.1": {
        "deg": 1,
        "ch": 1,
        "kef": 0.0
      },
      "8.2.1": {
        "deg": 1,
        "ch": 1,
        "kef": 0.0
      },
      "8.3.1": {
        "deg": 1,
        "ch": 1,
        "kef": 0.5
      },
      "8.4.1": {
        "deg": 1,
        "ch": 1,
        "kef": 0.0
      },
      "8.5.1": {
        "deg": 1,
        "ch": 1,
        "kef": 0.0
      }
    },
    "9": {
      "9.1.1": {
        "deg": 1,
        "ch": 1,
        "kef": 0.0
      },
      "9.2.1": {
        "deg": 1,
        "ch": 1,
        "kef": 0.0
      },
      "9.3.1": {
        "deg": 1,
        "ch": 1,
        "kef": 0.5
      }
    },
    "10": {
      "10.1.1": {
        "deg": 1,
        "ch": 1,
        "kef": 0.0
      },
      "10.2.1": {
        "deg": 1,
        "ch": 1,
        "kef": 0.0
      },
      "10.3.1": {
        "deg": 1,
        "ch": 1,
        "kef": 0.0
      },
      "10.4.1": {
        "deg": 1,
        "ch": 1,
        "kef": 0.0
      }
    },
    "11": {
      "11.1.1": {
        "deg": 1,
        "ch": 1,
        "kef": 0.5
      },
      "11.2.1": {
        "deg": 1,
        "ch": 1,
        "kef": 0.0
      }
    },
    "12": {
      "12.1.1": {
        "deg": 1,
        "ch": 1,
        "kef": 0.0
      },
      "12.2.1": {
        "deg": 1,
        "ch": 1,
        "kef": 0.0
      },
      "12.3.1": {
        "deg": 1,
        "ch": 1,
        "kef": 0.5
      }
    },
    "13": {
      "13.1.1": {
        "deg": 1,
        "ch": 1,
        "kef": 0.0
      },
      "13.2.1": {
        "deg": 1,
        "ch": 1,
        "kef": 0.0
      },
      "13.3.1": {
        "deg": 1,
        "ch": 1,
        "kef": 0.0
      },
      "13.4.1": {
        "deg": 1,
        "ch": 1,
        "kef": 0.5
      },
      "13.5.1": {
        "deg": 1,
        "ch": 1,
        "kef": 0.0
      },
      "13.6.1": {
        "deg": 1,
        "ch": 1,
        "kef": 0.0
      },
      "13.7.1": {
        "deg": 1,
        "ch": 1,
        "kef": 0.0
      }
    },
    "14": {
      "14.1.1": {
        "deg": 1,
        "ch": 1,
        "kef": 0.5
      },
      "14.2.1": {
        "deg": 1,
        "ch": 1,
        "kef": 0.0
      },
      "14.3.1": {
        "deg": 1,
        "ch": 1,
        "kef": 0.0
      }
    },
    "15": {
      "15.1.1": {
        "deg": 1,
        "ch": 1,
        "kef": 0.0
      },
      "15.1.2": {
        "deg": 1,
        "ch": 1,
        "kef": 0.0
      },
      "15.1.3": {
        "deg": 1,
        "ch": 1,
        "kef": 0.0
      },
      "15.1.4": {
        "deg": 1,
        "ch": 1,
        "kef": 0.0
      }
    },
    "16": {
      "16.1.1": {
        "deg": 1,
        "ch": 1,
        "kef": 0.5
      },
      "16.2.1": {
        "deg": 1,
        "ch": 1,
        "kef": 0.0
      },
      "16.3.1": {
        "deg": 1,
        "ch": 1,
        "kef": 0.0
      }
    },
    "17": {
      "17.1.1": {
        "deg": 1,
        "ch": 1,
        "kef": 0.0
      },
      "17.2.1": {
        "deg": 1,
        "ch": 1,
        "kef": 0.0
      },
      "17.3.1": {
        "deg": 1,
        "ch": 1,
        "kef": 0.0
      },
      "17.4.1": {
        "deg": 1,
        "ch": 1,
        "kef": 0.0
      },
      "17.5.1": {
        "deg": 1,
        "ch": 1,
        "kef": 0.0
      }
    },
    "18": {
      "18.1.1": {
        "deg": 1,
        "ch": 1,
        "kef": 0.0
      },
      "18.1.2": {
        "deg": 1,
        "ch": 1,
        "kef": 0.0
      },
      "18.1.3": {
        "deg": 1,
        "ch": 1,
        "kef": 0.0
      },
      "18.2.1": {
        "deg": 1,
        "ch": 1,
        "kef": 0.0
      },
      "18.3.1": {
        "deg": 1,
        "ch": 1,
        "kef": 0.0
      },
      "18.4.1": {
        "deg": 1,
        "ch": 1,
        "kef": 0.0
      }
    },
    "19": {
      "19.1.1": {
        "deg": 1,
        "ch": 1,
        "kef": 0.0
      },
      "19.2.1": {
        "deg": 1,
        "ch": 1,
        "kef": 0.0
      },
      "19.3.1": {
        "deg": 1,
        "ch": 1,
        "kef": 0.0
      }
    },
    "20": {
      "20.1.1": {
        "deg": 1,
        "ch": 1,
        "kef": 0.0
      }
    },
    "21": {
      "21.1.1": {
        "deg": 1,
        "ch": 1,
        "kef": 0.0
      },
      "21.2.1": {
        "deg": 1,
        "ch": 1,
        "kef": 0.0
      },
      "21.3.1": {
        "deg": 1,
        "ch": 1,
        "kef": 0.0
      }
    },
    "22": {
      "22.1.1": {
        "deg": 1,
        "ch": 1,
        "kef": 0.0
      },
      "22.2.1": {
        "deg": 1,
        "ch": 1,
        "kef": 0.0
      },
      "22.3.1": {
        "deg": 1,
        "ch": 1,
        "kef": 0.0
      }
    },
    "23": {
      "23.1.1": {
        "deg": 1,
        "ch": 1,
        "kef": 0.0
      },
      "23.2.1": {
        "deg": 1,
        "ch": 1,
        "kef": 0.0
      },
      "23.3.1": {
        "deg": 1,
        "ch": 1,
        "kef": 0.0
      }
    },
    "24": {
      "24.1.1": {
        "deg": 1,
        "ch": 1,
        "kef": 0.0
      },
      "24.2.1": {
        "deg": 1,
        "ch": 1,
        "kef": 0.0
      },
      "24.3.1": {
        "deg": 1,
        "ch": 1,
        "kef": 0.0
      },
      "24.4.1": {
        "deg": 1,
        "ch": 1,
        "kef": 0.0
      }
    },
    "25": {
      "25.1.1": {
        "deg": 1,
        "ch": 1,
        "kef": 0.0
      },
      "25.2.1": {
        "deg": 1,
        "ch": 1,
        "kef": 0.0
      }
    },
    "29": {
      "29.1.1": {
        "deg": 1,
        "ch": 1,
        "kef": 0.0
      },
      "29.2.1": {
        "deg": 1,
        "ch": 1,
        "kef": 0.0
      }
    }
  }
}